{
  "id": "a4e41639-ce8a-4c77-9abd-99cbcfd3c8a2",
  "revision": 0,
  "last_node_id": 25,
  "last_link_id": 23,
  "nodes": [
    {
      "id": 7,
      "type": "CLIPTextEncode",
      "pos": [
        246.59996032714844,
        658.9000244140625
      ],
      "size": [
        236.69940185546875,
        88
      ],
      "flags": {},
      "order": 9,
      "mode": 0,
      "inputs": [
        {
          "name": "clip",
          "type": "CLIP",
          "link": 11
        }
      ],
      "outputs": [
        {
          "name": "CONDITIONING",
          "type": "CONDITIONING",
          "slot_index": 0,
          "links": [
            12
          ]
        }
      ],
      "properties": {
        "cnr_id": "comfy-core",
        "ver": "0.3.56",
        "Node name for S&R": "CLIPTextEncode",
        "widget_ue_connectable": {}
      },
      "widgets_values": [
        "your prompt"
      ]
    },
    {
      "id": 10,
      "type": "CLIPLoader",
      "pos": [
        -12.09998607635498,
        650.5001831054688
      ],
      "size": [
        210,
        106
      ],
      "flags": {},
      "order": 4,
      "mode": 0,
      "inputs": [],
      "outputs": [
        {
          "name": "CLIP",
          "type": "CLIP",
          "links": [
            11
          ]
        }
      ],
      "properties": {
        "cnr_id": "comfy-core",
        "ver": "0.3.56",
        "widget_ue_connectable": {},
        "Node name for S&R": "CLIPLoader"
      },
      "widgets_values": [
        "wan\\umt5_xxl_fp8_e4m3fn_scaled.safetensors",
        "wan",
        "default"
      ]
    },
    {
      "id": 11,
      "type": "CFZ_save_conditioning",
      "pos": [
        534.8002319335938,
        672.9000854492188
      ],
      "size": [
        270,
        58
      ],
      "flags": {},
      "order": 12,
      "mode": 0,
      "inputs": [
        {
          "name": "conditioning",
          "type": "CONDITIONING",
          "link": 12
        }
      ],
      "outputs": [
        {
          "name": "conditioning",
          "type": "CONDITIONING",
          "links": [
            13
          ]
        }
      ],
      "properties": {
        "widget_ue_connectable": {},
        "Node name for S&R": "CFZ_save_conditioning"
      },
      "widgets_values": [
        "customnameyouwant"
      ]
    },
    {
      "id": 12,
      "type": "PreviewAny",
      "pos": [
        858.1998291015625,
        672.1002807617188
      ],
      "size": [
        210,
        88
      ],
      "flags": {},
      "order": 14,
      "mode": 0,
      "inputs": [
        {
          "name": "source",
          "type": "*",
          "link": 13
        }
      ],
      "outputs": [],
      "properties": {
        "cnr_id": "comfy-core",
        "ver": "0.3.56",
        "widget_ue_connectable": {},
        "Node name for S&R": "PreviewAny"
      },
      "widgets_values": [],
      "color": "#432",
      "bgcolor": "#653"
    },
    {
      "id": 14,
      "type": "CFZ_load_conditioning",
      "pos": [
        -5.79966402053833,
        1038.9005126953125
      ],
      "size": [
        284,
        58
      ],
      "flags": {},
      "order": 1,
      "mode": 0,
      "inputs": [],
      "outputs": [
        {
          "name": "conditioning",
          "type": "CONDITIONING",
          "links": [
            14
          ]
        }
      ],
      "properties": {
        "widget_ue_connectable": {},
        "Node name for S&R": "CFZ_load_conditioning"
      },
      "widgets_values": [
        "customnameyouwant"
      ]
    },
    {
      "id": 15,
      "type": "KSampler",
      "pos": [
        415.20050048828125,
        929.9005126953125
      ],
      "size": [
        270,
        262
      ],
      "flags": {},
      "order": 6,
      "mode": 0,
      "inputs": [
        {
          "name": "model",
          "type": "MODEL",
          "link": 16
        },
        {
          "name": "positive",
          "type": "CONDITIONING",
          "link": 14
        },
        {
          "name": "negative",
          "type": "CONDITIONING",
          "link": 15
        },
        {
          "name": "latent_image",
          "type": "LATENT",
          "link": null
        }
      ],
      "outputs": [
        {
          "name": "LATENT",
          "type": "LATENT",
          "links": []
        }
      ],
      "properties": {
        "cnr_id": "comfy-core",
        "ver": "0.3.56",
        "widget_ue_connectable": {},
        "Node name for S&R": "KSampler"
      },
      "widgets_values": [
        0,
        "randomize",
        20,
        8,
        "euler",
        "simple",
        1
      ]
    },
    {
      "id": 16,
      "type": "CFZ_load_conditioning",
      "pos": [
        -10.799664497375488,
        1157.9005126953125
      ],
      "size": [
        284,
        58
      ],
      "flags": {},
      "order": 0,
      "mode": 0,
      "inputs": [],
      "outputs": [
        {
          "name": "conditioning",
          "type": "CONDITIONING",
          "links": [
            15
          ]
        }
      ],
      "properties": {
        "widget_ue_connectable": {},
        "Node name for S&R": "CFZ_load_conditioning"
      },
      "widgets_values": [
        "customnameyouwant"
      ]
    },
    {
      "id": 17,
      "type": "UNETLoader",
      "pos": [
        -0.7996619343757629,
        903.9005126953125
      ],
      "size": [
        270,
        82
      ],
      "flags": {},
      "order": 2,
      "mode": 0,
      "inputs": [],
      "outputs": [
        {
          "name": "MODEL",
          "type": "MODEL",
          "links": [
            16
          ]
        }
      ],
      "properties": {
        "cnr_id": "comfy-core",
        "ver": "0.3.56",
        "widget_ue_connectable": {},
        "Node name for S&R": "UNETLoader"
      },
      "widgets_values": [
        "qwenimageedit-4step.safetensors",
        "default"
      ]
    },
    {
      "id": 19,
      "type": "CheckpointLoaderSimple",
      "pos": [
        -26.000051498413086,
        346.89984130859375
      ],
      "size": [
        210,
        98
      ],
      "flags": {},
      "order": 3,
      "mode": 0,
      "inputs": [],
      "outputs": [
        {
          "name": "MODEL",
          "type": "MODEL",
          "links": null
        },
        {
          "name": "CLIP",
          "type": "CLIP",
          "links": [
            18,
            21
          ]
        },
        {
          "name": "VAE",
          "type": "VAE",
          "links": null
        }
      ],
      "properties": {
        "cnr_id": "comfy-core",
        "ver": "0.3.56",
        "widget_ue_connectable": {},
        "Node name for S&R": "CheckpointLoaderSimple"
      },
      "widgets_values": [
        "sd15\\photon_v1.safetensors"
      ]
    },
    {
      "id": 20,
      "type": "CLIPTextEncode",
      "pos": [
        218.20013427734375,
        267.7005310058594
      ],
      "size": [
        210.29940795898438,
        98.80000305175781
      ],
      "flags": {},
      "order": 7,
      "mode": 0,
      "inputs": [
        {
          "name": "clip",
          "type": "CLIP",
          "link": 18
        }
      ],
      "outputs": [
        {
          "name": "CONDITIONING",
          "type": "CONDITIONING",
          "links": [
            19
          ]
        }
      ],
      "properties": {
        "cnr_id": "comfy-core",
        "ver": "0.3.56",
        "widget_ue_connectable": {},
        "Node name for S&R": "CLIPTextEncode"
      },
      "widgets_values": [
        ""
      ]
    },
    {
      "id": 21,
      "type": "CFZ_save_conditioning",
      "pos": [
        463.4996032714844,
        294.1002197265625
      ],
      "size": [
        270,
        58
      ],
      "flags": {},
      "order": 10,
      "mode": 0,
      "inputs": [
        {
          "name": "conditioning",
          "type": "CONDITIONING",
          "link": 19
        }
      ],
      "outputs": [
        {
          "name": "conditioning",
          "type": "CONDITIONING",
          "links": [
            20
          ]
        }
      ],
      "properties": {
        "widget_ue_connectable": {},
        "Node name for S&R": "CFZ_save_conditioning"
      },
      "widgets_values": [
        "positive-conditioning"
      ]
    },
    {
      "id": 22,
      "type": "KSampler",
      "pos": [
        774.800048828125,
        263.3003234863281
      ],
      "size": [
        210,
        262
      ],
      "flags": {},
      "order": 13,
      "mode": 0,
      "inputs": [
        {
          "name": "model",
          "type": "MODEL",
          "link": null
        },
        {
          "name": "positive",
          "type": "CONDITIONING",
          "link": 20
        },
        {
          "name": "negative",
          "type": "CONDITIONING",
          "link": 23
        },
        {
          "name": "latent_image",
          "type": "LATENT",
          "link": null
        }
      ],
      "outputs": [
        {
          "name": "LATENT",
          "type": "LATENT",
          "links": null
        }
      ],
      "properties": {
        "cnr_id": "comfy-core",
        "ver": "0.3.56",
        "widget_ue_connectable": {},
        "Node name for S&R": "KSampler"
      },
      "widgets_values": [
        0,
        "randomize",
        20,
        8,
        "euler",
        "simple",
        1
      ]
    },
    {
      "id": 23,
      "type": "CLIPTextEncode",
      "pos": [
        219.30010986328125,
        418.39996337890625
      ],
      "size": [
        210.29940795898438,
        88
      ],
      "flags": {},
      "order": 8,
      "mode": 0,
      "inputs": [
        {
          "name": "clip",
          "type": "CLIP",
          "link": 21
        }
      ],
      "outputs": [
        {
          "name": "CONDITIONING",
          "type": "CONDITIONING",
          "links": [
            22
          ]
        }
      ],
      "properties": {
        "cnr_id": "comfy-core",
        "ver": "0.3.56",
        "widget_ue_connectable": {},
        "Node name for S&R": "CLIPTextEncode"
      },
      "widgets_values": [
        ""
      ]
    },
    {
      "id": 24,
      "type": "CFZ_save_conditioning",
      "pos": [
        464.09954833984375,
        430.00030517578125
      ],
      "size": [
        270,
        58
      ],
      "flags": {},
      "order": 11,
      "mode": 0,
      "inputs": [
        {
          "name": "conditioning",
          "type": "CONDITIONING",
          "link": 22
        }
      ],
      "outputs": [
        {
          "name": "conditioning",
          "type": "CONDITIONING",
          "links": [
            23
          ]
        }
      ],
      "properties": {
        "widget_ue_connectable": {},
        "Node name for S&R": "CFZ_save_conditioning"
      },
      "widgets_values": [
        "negative-conditioning"
      ]
    },
    {
      "id": 25,
      "type": "Note",
      "pos": [
        1082.7991943359375,
        667.000244140625
      ],
      "size": [
        234.60000610351562,
        88
      ],
      "flags": {},
      "order": 5,
      "mode": 0,
      "inputs": [],
      "outputs": [],
      "properties": {},
      "widgets_values": [
        "this node is useful for these types of purposes\n"
      ],
      "color": "#432",
      "bgcolor": "#653"
    }
  ],
  "links": [
    [
      11,
      10,
      0,
      7,
      0,
      "CLIP"
    ],
    [
      12,
      7,
      0,
      11,
      0,
      "CONDITIONING"
    ],
    [
      13,
      11,
      0,
      12,
      0,
      "*"
    ],
    [
      14,
      14,
      0,
      15,
      1,
      "CONDITIONING"
    ],
    [
      15,
      16,
      0,
      15,
      2,
      "CONDITIONING"
    ],
    [
      16,
      17,
      0,
      15,
      0,
      "MODEL"
    ],
    [
      18,
      19,
      1,
      20,
      0,
      "CLIP"
    ],
    [
      19,
      20,
      0,
      21,
      0,
      "CONDITIONING"
    ],
    [
      20,
      21,
      0,
      22,
      1,
      "CONDITIONING"
    ],
    [
      21,
      19,
      1,
      23,
      0,
      "CLIP"
    ],
    [
      22,
      23,
      0,
      24,
      0,
      "CONDITIONING"
    ],
    [
      23,
      24,
      0,
      22,
      2,
      "CONDITIONING"
    ]
  ],
  "groups": [
    {
      "id": 1,
      "title": "HOW TO SAVE CONDITION WITHOUT RUNNING FULL WORKFLOW",
      "bounding": [
        -34.200008392333984,
        565.10009765625,
        1381.0999755859375,
        250.10000610351562
      ],
      "color": "#A88",
      "font_size": 24,
      "flags": {}
    },
    {
      "id": 2,
      "title": "USING SAVED CONDITIONS ON WORKFLOWS",
      "bounding": [
        -20.79966926574707,
        830.3001708984375,
        821,
        391.6000061035156
      ],
      "color": "#8A8",
      "font_size": 24,
      "flags": {}
    },
    {
      "id": 4,
      "title": "HOW TO SAVE CONDITIONING IN WORKFLOWS FOR LATER USE",
      "bounding": [
        -44.70002365112305,
        180.79991149902344,
        1054.0999755859375,
        367.1000061035156
      ],
      "color": "#3f789e",
      "font_size": 24,
      "flags": {}
    }
  ],
  "config": {},
  "extra": {
    "ds": {
      "scale": 0.9090909090909091,
      "offset": [
        325.2000000000001,
        -147.79999999999987
      ]
    },
    "ue_links": [],
    "links_added_by_ue": [],
    "frontendVersion": "1.26.7",
    "VHS_latentpreview": false,
    "VHS_latentpreviewrate": 0,
    "VHS_MetadataImage": true,
    "VHS_KeepIntermediate": true
  },
  "version": 0.4
}