{
  "id": "44436dc8-b9e0-461b-aea2-13203712292d",
  "revision": 0,
  "last_node_id": 550,
  "last_link_id": 471,
  "nodes": [
    {
      "id": 27,
      "type": "WanVideoSampler",
      "pos": [
        -331.23394775390625,
        -835.9218139648438
      ],
      "size": [
        267.80859375,
        690
      ],
      "flags": {},
      "order": 29,
      "mode": 0,
      "inputs": [
        {
          "name": "model",
          "type": "WANVIDEOMODEL",
          "link": 457
        },
        {
          "name": "image_embeds",
          "type": "WANVIDIMAGE_EMBEDS",
          "link": 455
        },
        {
          "name": "text_embeds",
          "shape": 7,
          "type": "WANVIDEOTEXTEMBEDS",
          "link": 420
        },
        {
          "name": "samples",
          "shape": 7,
          "type": "LATENT",
          "link": null
        },
        {
          "name": "feta_args",
          "shape": 7,
          "type": "FETAARGS",
          "link": 310
        },
        {
          "name": "context_options",
          "shape": 7,
          "type": "WANVIDCONTEXT",
          "link": null
        },
        {
          "name": "cache_args",
          "shape": 7,
          "type": "CACHEARGS",
          "link": null
        },
        {
          "name": "flowedit_args",
          "shape": 7,
          "type": "FLOWEDITARGS",
          "link": null
        },
        {
          "name": "slg_args",
          "shape": 7,
          "type": "SLGARGS",
          "link": 312
        },
        {
          "name": "loop_args",
          "shape": 7,
          "type": "LOOPARGS",
          "link": null
        },
        {
          "name": "experimental_args",
          "shape": 7,
          "type": "EXPERIMENTALARGS",
          "link": 308
        },
        {
          "name": "sigmas",
          "shape": 7,
          "type": "SIGMAS",
          "link": null
        },
        {
          "name": "unianimate_poses",
          "shape": 7,
          "type": "UNIANIMATE_POSE",
          "link": null
        },
        {
          "name": "fantasytalking_embeds",
          "shape": 7,
          "type": "FANTASYTALKING_EMBEDS",
          "link": null
        },
        {
          "name": "uni3c_embeds",
          "shape": 7,
          "type": "UNI3C_EMBEDS",
          "link": null
        },
        {
          "name": "multitalk_embeds",
          "shape": 7,
          "type": "MULTITALK_EMBEDS",
          "link": null
        },
        {
          "name": "freeinit_args",
          "shape": 7,
          "type": "FREEINITARGS",
          "link": null
        },
        {
          "name": "seed",
          "type": "INT",
          "widget": {
            "name": "seed"
          },
          "link": 413
        }
      ],
      "outputs": [
        {
          "name": "samples",
          "type": "LATENT",
          "slot_index": 0,
          "links": [
            274
          ]
        },
        {
          "name": "denoised_samples",
          "type": "LATENT",
          "links": null
        }
      ],
      "title": "high_noise (sampler 1)",
      "properties": {
        "cnr_id": "ComfyUI-WanVideoWrapper",
        "ver": "2da36b7fdaa9da9cf38785116917adf3974387da",
        "Node name for S&R": "WanVideoSampler",
        "widget_ue_connectable": {}
      },
      "widgets_values": [
        4,
        1.0000000000000002,
        4,
        36137,
        "fixed",
        true,
        "unipc/beta",
        0,
        1,
        false,
        "comfy_chunked",
        0,
        2,
        true
      ],
      "color": "#2a363b",
      "bgcolor": "#3f5159",
      "shape": 1
    },
    {
      "id": 28,
      "type": "WanVideoDecode",
      "pos": [
        -369.0511169433594,
        36.46022415161133
      ],
      "size": [
        210,
        198
      ],
      "flags": {
        "collapsed": false
      },
      "order": 31,
      "mode": 0,
      "inputs": [
        {
          "name": "vae",
          "type": "WANVAE",
          "link": 43
        },
        {
          "name": "samples",
          "type": "LATENT",
          "link": 294
        }
      ],
      "outputs": [
        {
          "name": "images",
          "type": "IMAGE",
          "slot_index": 0,
          "links": [
            444
          ]
        }
      ],
      "title": "Decode",
      "properties": {
        "cnr_id": "ComfyUI-WanVideoWrapper",
        "ver": "2da36b7fdaa9da9cf38785116917adf3974387da",
        "Node name for S&R": "WanVideoDecode",
        "widget_ue_connectable": {}
      },
      "widgets_values": [
        true,
        512,
        512,
        256,
        256,
        "default"
      ],
      "color": "#223",
      "bgcolor": "#335",
      "shape": 1
    },
    {
      "id": 38,
      "type": "WanVideoVAELoader",
      "pos": [
        -1839.951171875,
        -350.90509033203125
      ],
      "size": [
        210,
        82
      ],
      "flags": {
        "collapsed": false
      },
      "order": 9,
      "mode": 0,
      "inputs": [
        {
          "name": "compile_args",
          "shape": 7,
          "type": "WANCOMPILEARGS",
          "link": null
        }
      ],
      "outputs": [
        {
          "name": "vae",
          "type": "WANVAE",
          "slot_index": 0,
          "links": [
            43,
            442
          ]
        }
      ],
      "properties": {
        "cnr_id": "ComfyUI-WanVideoWrapper",
        "ver": "2da36b7fdaa9da9cf38785116917adf3974387da",
        "Node name for S&R": "WanVideoVAELoader",
        "widget_ue_connectable": {}
      },
      "widgets_values": [
        "wan_2.1_vae.safetensors",
        "fp16"
      ],
      "color": "#223",
      "bgcolor": "#335",
      "shape": 1
    },
    {
      "id": 348,
      "type": "SaveImage",
      "pos": [
        249.43661499023438,
        90.49907684326172
      ],
      "size": [
        545.7604370117188,
        613.8565063476562
      ],
      "flags": {
        "collapsed": true
      },
      "order": 34,
      "mode": 4,
      "inputs": [
        {
          "name": "images",
          "type": "IMAGE",
          "link": 363
        }
      ],
      "outputs": [],
      "properties": {
        "cnr_id": "comfy-core",
        "ver": "0.3.42",
        "Node name for S&R": "SaveImage",
        "widget_ue_connectable": {}
      },
      "widgets_values": [
        "wanimage\\wan"
      ],
      "color": "#323",
      "bgcolor": "#535",
      "shape": 1
    },
    {
      "id": 361,
      "type": "WanVideoEmptyEmbeds",
      "pos": [
        -1566.22802734375,
        -382.5927429199219
      ],
      "size": [
        212.431640625,
        146
      ],
      "flags": {
        "collapsed": false
      },
      "order": 8,
      "mode": 0,
      "inputs": [
        {
          "name": "control_embeds",
          "shape": 7,
          "type": "WANVIDIMAGE_EMBEDS",
          "link": null
        },
        {
          "name": "extra_latents",
          "shape": 7,
          "type": "LATENT",
          "link": null
        },
        {
          "name": "first_latent",
          "shape": 7,
          "type": "LATENT",
          "link": null
        }
      ],
      "outputs": [
        {
          "name": "image_embeds",
          "type": "WANVIDIMAGE_EMBEDS",
          "links": [
            452
          ]
        }
      ],
      "properties": {
        "cnr_id": "ComfyUI-WanVideoWrapper",
        "ver": "2da36b7fdaa9da9cf38785116917adf3974387da",
        "Node name for S&R": "WanVideoEmptyEmbeds",
        "widget_ue_connectable": {}
      },
      "widgets_values": [
        480,
        832,
        81
      ],
      "color": "#223",
      "bgcolor": "#335",
      "shape": 1
    },
    {
      "id": 388,
      "type": "CLIPLoader",
      "pos": [
        -2450.0810546875,
        -141.9174041748047
      ],
      "size": [
        404.4041748046875,
        106
      ],
      "flags": {
        "collapsed": false
      },
      "order": 1,
      "mode": 0,
      "inputs": [],
      "outputs": [
        {
          "name": "CLIP",
          "type": "CLIP",
          "links": [
            198,
            205
          ]
        }
      ],
      "properties": {
        "cnr_id": "comfy-core",
        "ver": "0.3.40",
        "Node name for S&R": "CLIPLoader"
      },
      "widgets_values": [
        "wan\\umt5_xxl_fp8_e4m3fn_scaled.safetensors",
        "wan",
        "default"
      ],
      "color": "#432",
      "bgcolor": "#653",
      "shape": 1
    },
    {
      "id": 389,
      "type": "CLIPTextEncode",
      "pos": [
        -2438.1298828125,
        8.329193115234375
      ],
      "size": [
        387.6866760253906,
        180.93557739257812
      ],
      "flags": {
        "collapsed": false
      },
      "order": 15,
      "mode": 0,
      "inputs": [
        {
          "name": "clip",
          "type": "CLIP",
          "link": 198
        }
      ],
      "outputs": [
        {
          "name": "CONDITIONING",
          "type": "CONDITIONING",
          "links": [
            237
          ]
        }
      ],
      "title": "neg",
      "properties": {
        "cnr_id": "comfy-core",
        "ver": "0.3.41",
        "Node name for S&R": "CLIPTextEncode"
      },
      "widgets_values": [
        "overexposed, static, blurry details, subtitles, washed out, dull colors, grayish ,worse quality, low quality, jpeg artifacts, compression artifacts, ugly, incomplete, mutilated, extra fingers, too many fingers, poorly drawn hands, bad hands, poorly drawn face, bad face, deformed, mutated, disfigured, malformed limbs, fused fingers, motionless scene, static image, cluttered background, too many people in background, messy background, three legs, crowded background, walking backward, backward movement, "
      ],
      "color": "#322",
      "bgcolor": "#533",
      "shape": 1
    },
    {
      "id": 390,
      "type": "WanVideoTextEmbedBridge",
      "pos": [
        -2446.304931640625,
        249.10780334472656
      ],
      "size": [
        159.076171875,
        46
      ],
      "flags": {
        "collapsed": false
      },
      "order": 20,
      "mode": 0,
      "inputs": [
        {
          "name": "positive",
          "type": "CONDITIONING",
          "link": 237
        },
        {
          "name": "negative",
          "shape": 7,
          "type": "CONDITIONING",
          "link": null
        }
      ],
      "outputs": [
        {
          "name": "text_embeds",
          "type": "WANVIDEOTEXTEMBEDS",
          "links": [
            238
          ]
        }
      ],
      "title": "negembed",
      "properties": {
        "cnr_id": "ComfyUI-WanVideoWrapper",
        "ver": "c3ee35f3ece76e38099dc516182d69b406e16772",
        "Node name for S&R": "WanVideoTextEmbedBridge",
        "aux_id": "kijai/ComfyUI-WanVideoWrapper"
      },
      "widgets_values": [],
      "color": "#223",
      "bgcolor": "#335",
      "shape": 1
    },
    {
      "id": 391,
      "type": "WanVideoTextEmbedBridge",
      "pos": [
        -2245.119873046875,
        253.7824249267578
      ],
      "size": [
        159.076171875,
        46
      ],
      "flags": {
        "collapsed": false
      },
      "order": 21,
      "mode": 0,
      "inputs": [
        {
          "name": "positive",
          "type": "CONDITIONING",
          "link": 201
        },
        {
          "name": "negative",
          "shape": 7,
          "type": "CONDITIONING",
          "link": null
        }
      ],
      "outputs": [
        {
          "name": "text_embeds",
          "type": "WANVIDEOTEXTEMBEDS",
          "links": [
            239,
            251
          ]
        }
      ],
      "title": "posembed",
      "properties": {
        "cnr_id": "ComfyUI-WanVideoWrapper",
        "ver": "c3ee35f3ece76e38099dc516182d69b406e16772",
        "Node name for S&R": "WanVideoTextEmbedBridge",
        "aux_id": "kijai/ComfyUI-WanVideoWrapper"
      },
      "widgets_values": [],
      "color": "#223",
      "bgcolor": "#335",
      "shape": 1
    },
    {
      "id": 392,
      "type": "WanVideoApplyNAG",
      "pos": [
        -2029.144287109375,
        183.99533081054688
      ],
      "size": [
        227.77734375,
        126
      ],
      "flags": {
        "collapsed": false
      },
      "order": 25,
      "mode": 0,
      "inputs": [
        {
          "name": "original_text_embeds",
          "type": "WANVIDEOTEXTEMBEDS",
          "link": 239
        },
        {
          "name": "nag_text_embeds",
          "type": "WANVIDEOTEXTEMBEDS",
          "link": 238
        }
      ],
      "outputs": [
        {
          "name": "text_embeds",
          "type": "WANVIDEOTEXTEMBEDS",
          "links": [
            252
          ]
        }
      ],
      "title": "NAG",
      "properties": {
        "cnr_id": "ComfyUI-WanVideoWrapper",
        "ver": "b5cae8bf1a7b348e9c9fa230640be7e11c573ca9",
        "Node name for S&R": "WanVideoApplyNAG",
        "aux_id": "kijai/ComfyUI-WanVideoWrapper"
      },
      "widgets_values": [
        11,
        2.5,
        0.25
      ],
      "color": "#223",
      "bgcolor": "#335",
      "shape": 1
    },
    {
      "id": 393,
      "type": "CLIPTextEncode",
      "pos": [
        -1786.814453125,
        -139.20068359375
      ],
      "size": [
        741.0176391601562,
        451.6116027832031
      ],
      "flags": {
        "collapsed": false
      },
      "order": 16,
      "mode": 0,
      "inputs": [
        {
          "name": "clip",
          "type": "CLIP",
          "link": 205
        }
      ],
      "outputs": [
        {
          "name": "CONDITIONING",
          "type": "CONDITIONING",
          "links": [
            201
          ]
        }
      ],
      "properties": {
        "cnr_id": "comfy-core",
        "ver": "0.3.40",
        "Node name for S&R": "CLIPTextEncode"
      },
      "widgets_values": [
        "Main Subject: A striking young woman walking with steady, confident strides down the center of a rain-drenched city street, holding a black umbrella overhead.\n\nClothing / Appearance: Sheer white blouse clinging from the rain, revealing a black bra beneath; short black leather skirt paired with sleek black high heels; raindrops bead and run down her bare legs, catching the light.\n\nPose / Action: Umbrella tilted slightly against the wind, one hand gripping the handle firmly while the other swings loosely at her side; head held high as she walks straight toward the viewer.\n\nExpression / Emotion: Calm and self-assured, with a subtle intensity in her gaze; unbothered by the storm around her.\n\nCamera Direction & Framing: Low, centered tracking shot at street level, 50 mm f/1.8 lens; reflections and ripples in the wet pavement lead directly toward her; lightning bolt framed dramatically between tall buildings in the background.\n\nEnvironment / Background: Neon-lit urban street lined with modern buildings; left side sign glowing red with “sdnext” right side sign glowing blue with “wan”; puddles stretch across the asphalt, reflecting both colors in shifting patterns.\n\nLighting & Atmosphere: Alternating pulses of red and blue neon spill across her figure; intense white flash from lightning silhouettes her form; rain streaks lit from multiple angles; overall moody and electric ambiance.\n\nStyle Enhancers: High-contrast cinematic grading; sharp raindrop highlights frozen mid-air; wet surfaces rendered with hyper-realistic reflections; subtle depth haze between foreground and distant neon signs."
      ],
      "color": "#232",
      "bgcolor": "#353",
      "shape": 1
    },
    {
      "id": 422,
      "type": "ImpactSwitch",
      "pos": [
        -2034.093505859375,
        -132.11207580566406
      ],
      "size": [
        223.93359375,
        122
      ],
      "flags": {
        "collapsed": false
      },
      "order": 28,
      "mode": 0,
      "inputs": [
        {
          "name": "input1",
          "shape": 7,
          "type": "*",
          "link": 251
        },
        {
          "name": "input2",
          "type": "WANVIDEOTEXTEMBEDS",
          "link": 252
        },
        {
          "name": "input3",
          "type": "WANVIDEOTEXTEMBEDS",
          "link": null
        }
      ],
      "outputs": [
        {
          "label": "WANVIDEOTEXTEMBEDS",
          "name": "selected_value",
          "type": "*",
          "links": [
            420,
            421
          ]
        },
        {
          "name": "selected_label",
          "type": "STRING",
          "links": null
        },
        {
          "name": "selected_index",
          "type": "INT",
          "links": null
        }
      ],
      "title": "((2)) 1-positive - 2-nag included",
      "properties": {
        "cnr_id": "comfyui-impact-pack",
        "ver": "8.19.1",
        "Node name for S&R": "ImpactSwitch"
      },
      "widgets_values": [
        2,
        false
      ],
      "color": "#323",
      "bgcolor": "#535",
      "shape": 1
    },
    {
      "id": 433,
      "type": "WanVideoModelLoader",
      "pos": [
        -565.3707885742188,
        -771.3104858398438
      ],
      "size": [
        211.083984375,
        274
      ],
      "flags": {},
      "order": 17,
      "mode": 0,
      "inputs": [
        {
          "name": "compile_args",
          "shape": 7,
          "type": "WANCOMPILEARGS",
          "link": 344
        },
        {
          "name": "block_swap_args",
          "shape": 7,
          "type": "BLOCKSWAPARGS",
          "link": null
        },
        {
          "name": "lora",
          "shape": 7,
          "type": "WANVIDLORA",
          "link": null
        },
        {
          "name": "vram_management_args",
          "shape": 7,
          "type": "VRAM_MANAGEMENTARGS",
          "link": null
        },
        {
          "name": "vace_model",
          "shape": 7,
          "type": "VACEPATH",
          "link": null
        },
        {
          "name": "fantasytalking_model",
          "shape": 7,
          "type": "FANTASYTALKINGMODEL",
          "link": null
        },
        {
          "name": "multitalk_model",
          "shape": 7,
          "type": "MULTITALKMODEL",
          "link": null
        }
      ],
      "outputs": [
        {
          "name": "model",
          "type": "WANVIDEOMODEL",
          "links": [
            322
          ]
        }
      ],
      "title": "high_noise model",
      "properties": {
        "cnr_id": "ComfyUI-WanVideoWrapper",
        "ver": "98fa84bb1720e184a1d2a116f986524ef2e802aa",
        "Node name for S&R": "WanVideoModelLoader"
      },
      "widgets_values": [
        "wan\\Wan22-I2V_A14B-Lightning-H-Q3_K_M.gguf",
        "fp16",
        "disabled",
        "offload_device",
        "sageattn"
      ],
      "color": "#2a363b",
      "bgcolor": "#3f5159",
      "shape": 1
    },
    {
      "id": 434,
      "type": "WanVideoSampler",
      "pos": [
        -34.914756774902344,
        -837.2935791015625
      ],
      "size": [
        267.80859375,
        690
      ],
      "flags": {
        "collapsed": false
      },
      "order": 30,
      "mode": 0,
      "inputs": [
        {
          "name": "model",
          "type": "WANVIDEOMODEL",
          "link": 427
        },
        {
          "name": "image_embeds",
          "type": "WANVIDIMAGE_EMBEDS",
          "link": 456
        },
        {
          "name": "text_embeds",
          "shape": 7,
          "type": "WANVIDEOTEXTEMBEDS",
          "link": 421
        },
        {
          "name": "samples",
          "shape": 7,
          "type": "LATENT",
          "link": 274
        },
        {
          "name": "feta_args",
          "shape": 7,
          "type": "FETAARGS",
          "link": 311
        },
        {
          "name": "context_options",
          "shape": 7,
          "type": "WANVIDCONTEXT",
          "link": null
        },
        {
          "name": "cache_args",
          "shape": 7,
          "type": "CACHEARGS",
          "link": null
        },
        {
          "name": "flowedit_args",
          "shape": 7,
          "type": "FLOWEDITARGS",
          "link": null
        },
        {
          "name": "slg_args",
          "shape": 7,
          "type": "SLGARGS",
          "link": 313
        },
        {
          "name": "loop_args",
          "shape": 7,
          "type": "LOOPARGS",
          "link": null
        },
        {
          "name": "experimental_args",
          "shape": 7,
          "type": "EXPERIMENTALARGS",
          "link": 309
        },
        {
          "name": "sigmas",
          "shape": 7,
          "type": "SIGMAS",
          "link": null
        },
        {
          "name": "unianimate_poses",
          "shape": 7,
          "type": "UNIANIMATE_POSE",
          "link": null
        },
        {
          "name": "fantasytalking_embeds",
          "shape": 7,
          "type": "FANTASYTALKING_EMBEDS",
          "link": null
        },
        {
          "name": "uni3c_embeds",
          "shape": 7,
          "type": "UNI3C_EMBEDS",
          "link": null
        },
        {
          "name": "multitalk_embeds",
          "shape": 7,
          "type": "MULTITALK_EMBEDS",
          "link": null
        },
        {
          "name": "freeinit_args",
          "shape": 7,
          "type": "FREEINITARGS",
          "link": null
        },
        {
          "name": "seed",
          "type": "INT",
          "widget": {
            "name": "seed"
          },
          "link": 414
        }
      ],
      "outputs": [
        {
          "name": "samples",
          "type": "LATENT",
          "slot_index": 0,
          "links": [
            294
          ]
        },
        {
          "name": "denoised_samples",
          "type": "LATENT",
          "links": null
        }
      ],
      "title": "low_noise (sampler 2)",
      "properties": {
        "cnr_id": "ComfyUI-WanVideoWrapper",
        "ver": "2da36b7fdaa9da9cf38785116917adf3974387da",
        "Node name for S&R": "WanVideoSampler",
        "widget_ue_connectable": {}
      },
      "widgets_values": [
        4,
        1.0000000000000002,
        5,
        35783,
        "fixed",
        true,
        "unipc/beta",
        0,
        1,
        false,
        "comfy_chunked",
        2,
        1000,
        false
      ],
      "color": "#323",
      "bgcolor": "#535",
      "shape": 1
    },
    {
      "id": 455,
      "type": "WanVideoEnhanceAVideo",
      "pos": [
        -714.2384033203125,
        210.45596313476562
      ],
      "size": [
        210,
        106
      ],
      "flags": {
        "collapsed": false
      },
      "order": 5,
      "mode": 0,
      "inputs": [],
      "outputs": [
        {
          "name": "feta_args",
          "type": "FETAARGS",
          "links": [
            310,
            311
          ]
        }
      ],
      "title": "Enhance-A-Video",
      "properties": {
        "cnr_id": "ComfyUI-WanVideoWrapper",
        "ver": "7e290c67bff1f906cdab84523018573f6c9d4d7f",
        "Node name for S&R": "WanVideoEnhanceAVideo"
      },
      "widgets_values": [
        2,
        0,
        1
      ],
      "color": "#223",
      "bgcolor": "#335",
      "shape": 1
    },
    {
      "id": 456,
      "type": "WanVideoSLG",
      "pos": [
        -719.213623046875,
        49.51448440551758
      ],
      "size": [
        210,
        106
      ],
      "flags": {
        "collapsed": false
      },
      "order": 4,
      "mode": 0,
      "inputs": [],
      "outputs": [
        {
          "name": "slg_args",
          "type": "SLGARGS",
          "links": [
            312,
            313
          ]
        }
      ],
      "title": "SLG",
      "properties": {
        "cnr_id": "ComfyUI-WanVideoWrapper",
        "ver": "2d2a184723dae88388e130659f51c36fcadeaba8",
        "Node name for S&R": "WanVideoSLG"
      },
      "widgets_values": [
        "8",
        0.30000000000000004,
        0.7000000000000002
      ],
      "color": "#223",
      "bgcolor": "#335",
      "shape": 1
    },
    {
      "id": 457,
      "type": "WanVideoExperimentalArgs",
      "pos": [
        -987.2333374023438,
        50.13705825805664
      ],
      "size": [
        248.767578125,
        274
      ],
      "flags": {
        "collapsed": false
      },
      "order": 3,
      "mode": 0,
      "inputs": [],
      "outputs": [
        {
          "name": "exp_args",
          "type": "EXPERIMENTALARGS",
          "links": [
            308,
            309
          ]
        }
      ],
      "title": "Experiments",
      "properties": {
        "cnr_id": "ComfyUI-WanVideoWrapper",
        "ver": "2d2a184723dae88388e130659f51c36fcadeaba8",
        "Node name for S&R": "WanVideoExperimentalArgs"
      },
      "widgets_values": [
        "",
        true,
        false,
        0,
        false,
        1,
        1.25,
        20,
        true,
        0
      ],
      "color": "#223",
      "bgcolor": "#335",
      "shape": 1
    },
    {
      "id": 458,
      "type": "VHS_VideoCombine",
      "pos": [
        253.2666015625,
        -840.0029907226562
      ],
      "size": [
        743.9667358398438,
        742.8909301757812
      ],
      "flags": {
        "collapsed": false
      },
      "order": 36,
      "mode": 0,
      "inputs": [
        {
          "name": "images",
          "type": "IMAGE",
          "link": 467
        },
        {
          "name": "audio",
          "shape": 7,
          "type": "AUDIO",
          "link": null
        },
        {
          "name": "meta_batch",
          "shape": 7,
          "type": "VHS_BatchManager",
          "link": null
        },
        {
          "name": "vae",
          "shape": 7,
          "type": "VAE",
          "link": null
        }
      ],
      "outputs": [
        {
          "name": "Filenames",
          "type": "VHS_FILENAMES",
          "links": [
            459
          ]
        }
      ],
      "title": "video",
      "properties": {
        "cnr_id": "comfyui-videohelpersuite",
        "ver": "1.7.2",
        "Node name for S&R": "VHS_VideoCombine"
      },
      "widgets_values": {
        "frame_rate": 16,
        "loop_count": 0,
        "filename_prefix": "wan\\wani2v",
        "format": "video/h264-mp4",
        "pix_fmt": "yuv420p",
        "crf": 19,
        "save_metadata": true,
        "trim_to_audio": false,
        "pingpong": false,
        "save_output": true,
        "videopreview": {
          "hidden": false,
          "paused": false,
          "params": {
            "filename": "wani2v_00060.mp4",
            "subfolder": "wan",
            "type": "output",
            "format": "video/h264-mp4",
            "frame_rate": 16,
            "workflow": "wani2v_00060.png",
            "fullpath": "D:\\sd\\t\\ComfyUI\\output\\wan\\wani2v_00060.mp4"
          }
        }
      },
      "color": "#222",
      "bgcolor": "#000",
      "shape": 1
    },
    {
      "id": 459,
      "type": "WanVideoModelLoader",
      "pos": [
        -560.1946411132812,
        -454.68927001953125
      ],
      "size": [
        211.083984375,
        274
      ],
      "flags": {},
      "order": 18,
      "mode": 0,
      "inputs": [
        {
          "name": "compile_args",
          "shape": 7,
          "type": "WANCOMPILEARGS",
          "link": 345
        },
        {
          "name": "block_swap_args",
          "shape": 7,
          "type": "BLOCKSWAPARGS",
          "link": null
        },
        {
          "name": "lora",
          "shape": 7,
          "type": "WANVIDLORA",
          "link": null
        },
        {
          "name": "vram_management_args",
          "shape": 7,
          "type": "VRAM_MANAGEMENTARGS",
          "link": null
        },
        {
          "name": "vace_model",
          "shape": 7,
          "type": "VACEPATH",
          "link": null
        },
        {
          "name": "fantasytalking_model",
          "shape": 7,
          "type": "FANTASYTALKINGMODEL",
          "link": null
        },
        {
          "name": "multitalk_model",
          "shape": 7,
          "type": "MULTITALKMODEL",
          "link": null
        }
      ],
      "outputs": [
        {
          "name": "model",
          "type": "WANVIDEOMODEL",
          "links": [
            319
          ]
        }
      ],
      "title": "low_noise model",
      "properties": {
        "cnr_id": "ComfyUI-WanVideoWrapper",
        "ver": "98fa84bb1720e184a1d2a116f986524ef2e802aa",
        "Node name for S&R": "WanVideoModelLoader"
      },
      "widgets_values": [
        "wan\\Wan22-I2V_A14B-Lightning-L-Q3_K_M.gguf",
        "fp16",
        "disabled",
        "offload_device",
        "sageattn"
      ],
      "color": "#323",
      "bgcolor": "#535",
      "shape": 1
    },
    {
      "id": 460,
      "type": "WanVideoBlockSwap",
      "pos": [
        -1312.5980224609375,
        -861.9267578125
      ],
      "size": [
        267.8227844238281,
        202
      ],
      "flags": {
        "collapsed": false
      },
      "order": 12,
      "mode": 4,
      "inputs": [],
      "outputs": [
        {
          "name": "block_swap_args",
          "type": "BLOCKSWAPARGS",
          "links": [
            327,
            458
          ]
        }
      ],
      "title": "block swap (both)",
      "properties": {
        "cnr_id": "ComfyUI-WanVideoWrapper",
        "ver": "2da36b7fdaa9da9cf38785116917adf3974387da",
        "Node name for S&R": "WanVideoBlockSwap",
        "widget_ue_connectable": {}
      },
      "widgets_values": [
        15,
        false,
        false,
        false,
        0,
        0,
        false
      ],
      "color": "#323",
      "bgcolor": "#535",
      "shape": 1
    },
    {
      "id": 462,
      "type": "WanVideoSetLoRAs",
      "pos": [
        -682.5806274414062,
        -383.08038330078125
      ],
      "size": [
        174.53378295898438,
        46
      ],
      "flags": {
        "collapsed": true
      },
      "order": 23,
      "mode": 4,
      "inputs": [
        {
          "name": "model",
          "type": "WANVIDEOMODEL",
          "link": 319
        },
        {
          "name": "lora",
          "shape": 7,
          "type": "WANVIDLORA",
          "link": 464
        }
      ],
      "outputs": [
        {
          "name": "model",
          "type": "WANVIDEOMODEL",
          "links": [
            326
          ]
        }
      ],
      "title": "lora",
      "properties": {
        "cnr_id": "ComfyUI-WanVideoWrapper",
        "ver": "f835baa3d33b3c97cc1b588ff365b7b0dbf042d1",
        "Node name for S&R": "WanVideoSetLoRAs"
      },
      "widgets_values": [],
      "color": "#323",
      "bgcolor": "#535",
      "shape": 1
    },
    {
      "id": 464,
      "type": "WanVideoSetLoRAs",
      "pos": [
        -768.0345458984375,
        -842.7381591796875
      ],
      "size": [
        174.53378295898438,
        46
      ],
      "flags": {
        "collapsed": false
      },
      "order": 22,
      "mode": 4,
      "inputs": [
        {
          "name": "model",
          "type": "WANVIDEOMODEL",
          "link": 322
        },
        {
          "name": "lora",
          "shape": 7,
          "type": "WANVIDLORA",
          "link": 462
        }
      ],
      "outputs": [
        {
          "name": "model",
          "type": "WANVIDEOMODEL",
          "links": [
            329
          ]
        }
      ],
      "title": "lora",
      "properties": {
        "cnr_id": "ComfyUI-WanVideoWrapper",
        "ver": "f835baa3d33b3c97cc1b588ff365b7b0dbf042d1",
        "Node name for S&R": "WanVideoSetLoRAs"
      },
      "widgets_values": [],
      "color": "#2a363b",
      "bgcolor": "#3f5159",
      "shape": 1
    },
    {
      "id": 466,
      "type": "WanVideoSetBlockSwap",
      "pos": [
        -482.8426208496094,
        -136.777587890625
      ],
      "size": [
        201.76815795898438,
        46
      ],
      "flags": {
        "collapsed": true
      },
      "order": 27,
      "mode": 0,
      "inputs": [
        {
          "name": "model",
          "type": "WANVIDEOMODEL",
          "link": 326
        },
        {
          "name": "block_swap_args",
          "shape": 7,
          "type": "BLOCKSWAPARGS",
          "link": 327
        }
      ],
      "outputs": [
        {
          "name": "model",
          "type": "WANVIDEOMODEL",
          "links": [
            427
          ]
        }
      ],
      "title": "block_swap",
      "properties": {
        "cnr_id": "ComfyUI-WanVideoWrapper",
        "ver": "f835baa3d33b3c97cc1b588ff365b7b0dbf042d1",
        "Node name for S&R": "WanVideoSetBlockSwap"
      },
      "widgets_values": [],
      "color": "#323",
      "bgcolor": "#535",
      "shape": 1
    },
    {
      "id": 467,
      "type": "WanVideoSetBlockSwap",
      "pos": [
        -479.610595703125,
        -828.6163940429688
      ],
      "size": [
        201.76815795898438,
        46
      ],
      "flags": {
        "collapsed": true
      },
      "order": 26,
      "mode": 0,
      "inputs": [
        {
          "name": "model",
          "type": "WANVIDEOMODEL",
          "link": 329
        },
        {
          "name": "block_swap_args",
          "shape": 7,
          "type": "BLOCKSWAPARGS",
          "link": 458
        }
      ],
      "outputs": [
        {
          "name": "model",
          "type": "WANVIDEOMODEL",
          "links": [
            457
          ]
        }
      ],
      "title": "block_swap",
      "properties": {
        "cnr_id": "ComfyUI-WanVideoWrapper",
        "ver": "f835baa3d33b3c97cc1b588ff365b7b0dbf042d1",
        "Node name for S&R": "WanVideoSetBlockSwap"
      },
      "widgets_values": [],
      "color": "#2a363b",
      "bgcolor": "#3f5159",
      "shape": 1
    },
    {
      "id": 470,
      "type": "RIFE VFI",
      "pos": [
        255.0641326904297,
        -908.226318359375
      ],
      "size": [
        345.6062316894531,
        198
      ],
      "flags": {
        "collapsed": true
      },
      "order": 35,
      "mode": 4,
      "inputs": [
        {
          "name": "frames",
          "type": "IMAGE",
          "link": 364
        },
        {
          "name": "optional_interpolation_states",
          "shape": 7,
          "type": "INTERPOLATION_STATES",
          "link": null
        }
      ],
      "outputs": [
        {
          "name": "IMAGE",
          "type": "IMAGE",
          "links": [
            467
          ]
        }
      ],
      "title": "frame interpolation",
      "properties": {
        "cnr_id": "comfyui-frame-interpolation",
        "ver": "1.0.7",
        "Node name for S&R": "RIFE VFI"
      },
      "widgets_values": [
        "rife47.pth",
        81,
        2,
        true,
        true,
        1
      ],
      "shape": 1
    },
    {
      "id": 474,
      "type": "WanVideoTorchCompileSettings",
      "pos": [
        -1322.3970947265625,
        -612.137451171875
      ],
      "size": [
        282.74609375,
        202
      ],
      "flags": {
        "collapsed": false
      },
      "order": 7,
      "mode": 0,
      "inputs": [],
      "outputs": [
        {
          "name": "torch_compile_args",
          "type": "WANCOMPILEARGS",
          "links": [
            344,
            345
          ]
        }
      ],
      "title": "torch compile (both)",
      "properties": {
        "cnr_id": "ComfyUI-WanVideoWrapper",
        "ver": "f835baa3d33b3c97cc1b588ff365b7b0dbf042d1",
        "Node name for S&R": "WanVideoTorchCompileSettings"
      },
      "widgets_values": [
        "inductor",
        false,
        "default",
        false,
        64,
        true,
        128
      ],
      "color": "#223",
      "bgcolor": "#335",
      "shape": 1
    },
    {
      "id": 488,
      "type": "easy cleanGpuUsed",
      "pos": [
        -128.86187744140625,
        200.3677978515625
      ],
      "size": [
        157.38925170898438,
        26
      ],
      "flags": {
        "collapsed": false
      },
      "order": 33,
      "mode": 0,
      "inputs": [
        {
          "name": "anything",
          "type": "*",
          "link": 471
        }
      ],
      "outputs": [
        {
          "name": "output",
          "type": "*",
          "links": [
            363,
            364
          ]
        }
      ],
      "properties": {
        "cnr_id": "comfyui-easy-use",
        "ver": "1.3.1",
        "Node name for S&R": "easy cleanGpuUsed"
      },
      "widgets_values": [],
      "color": "#223",
      "bgcolor": "#335",
      "shape": 1
    },
    {
      "id": 500,
      "type": "easy seed",
      "pos": [
        -2074.631591796875,
        -364.3846130371094
      ],
      "size": [
        210,
        106
      ],
      "flags": {
        "collapsed": false
      },
      "order": 10,
      "mode": 0,
      "inputs": [],
      "outputs": [
        {
          "name": "seed",
          "type": "INT",
          "links": [
            413,
            414
          ]
        }
      ],
      "properties": {
        "cnr_id": "comfyui-easy-use",
        "ver": "1.3.1",
        "Node name for S&R": "easy seed"
      },
      "widgets_values": [
        851711663689615,
        "randomize",
        null
      ],
      "color": "#223",
      "bgcolor": "#335",
      "shape": 1
    },
    {
      "id": 514,
      "type": "WanVideoImageToVideoEncode",
      "pos": [
        -1635.0330810546875,
        -856.1463012695312
      ],
      "size": [
        248.23202514648438,
        390
      ],
      "flags": {},
      "order": 19,
      "mode": 0,
      "inputs": [
        {
          "name": "vae",
          "shape": 7,
          "type": "WANVAE",
          "link": 442
        },
        {
          "name": "clip_embeds",
          "shape": 7,
          "type": "WANVIDIMAGE_CLIPEMBEDS",
          "link": null
        },
        {
          "name": "start_image",
          "shape": 7,
          "type": "IMAGE",
          "link": 436
        },
        {
          "name": "end_image",
          "shape": 7,
          "type": "IMAGE",
          "link": null
        },
        {
          "name": "control_embeds",
          "shape": 7,
          "type": "WANVIDIMAGE_EMBEDS",
          "link": null
        },
        {
          "name": "temporal_mask",
          "shape": 7,
          "type": "MASK",
          "link": null
        },
        {
          "name": "extra_latents",
          "shape": 7,
          "type": "LATENT",
          "link": null
        },
        {
          "name": "add_cond_latents",
          "shape": 7,
          "type": "ADD_COND_LATENTS",
          "link": null
        },
        {
          "name": "width",
          "type": "INT",
          "widget": {
            "name": "width"
          },
          "link": 437
        },
        {
          "name": "height",
          "type": "INT",
          "widget": {
            "name": "height"
          },
          "link": 438
        }
      ],
      "outputs": [
        {
          "name": "image_embeds",
          "type": "WANVIDIMAGE_EMBEDS",
          "links": [
            453
          ]
        }
      ],
      "properties": {
        "cnr_id": "ComfyUI-WanVideoWrapper",
        "ver": "7e290c67bff1f906cdab84523018573f6c9d4d7f",
        "Node name for S&R": "WanVideoImageToVideoEncode"
      },
      "widgets_values": [
        832,
        480,
        81,
        0,
        1,
        1,
        true,
        false,
        true
      ],
      "color": "#322",
      "bgcolor": "#533",
      "shape": 1
    },
    {
      "id": 515,
      "type": "ImageResizeKJv2",
      "pos": [
        -1862.360107421875,
        -806.463134765625
      ],
      "size": [
        210,
        336
      ],
      "flags": {},
      "order": 14,
      "mode": 0,
      "inputs": [
        {
          "name": "image",
          "type": "IMAGE",
          "link": 439
        },
        {
          "name": "mask",
          "shape": 7,
          "type": "MASK",
          "link": null
        }
      ],
      "outputs": [
        {
          "name": "IMAGE",
          "type": "IMAGE",
          "links": [
            436
          ]
        },
        {
          "name": "width",
          "type": "INT",
          "links": [
            437
          ]
        },
        {
          "name": "height",
          "type": "INT",
          "links": [
            438
          ]
        },
        {
          "name": "mask",
          "type": "MASK",
          "links": null
        }
      ],
      "properties": {
        "cnr_id": "comfyui-kjnodes",
        "ver": "a6b867b63a29ca48ddb15c589e17a9f2d8530d57",
        "Node name for S&R": "ImageResizeKJv2"
      },
      "widgets_values": [
        704,
        384,
        "lanczos",
        "crop",
        "0, 0, 0",
        "center",
        32,
        "cpu",
        "<tr><td>Output: </td><td><b>1</b> x <b>704</b> x <b>384 | 3.09MB</b></td></tr>"
      ],
      "color": "#322",
      "bgcolor": "#533",
      "shape": 1
    },
    {
      "id": 516,
      "type": "LoadImage",
      "pos": [
        -2092.74951171875,
        -795.8811645507812
      ],
      "size": [
        214.080078125,
        326
      ],
      "flags": {
        "collapsed": false
      },
      "order": 0,
      "mode": 0,
      "inputs": [],
      "outputs": [
        {
          "name": "IMAGE",
          "type": "IMAGE",
          "links": [
            439
          ]
        },
        {
          "name": "MASK",
          "type": "MASK",
          "links": null
        }
      ],
      "properties": {
        "cnr_id": "comfy-core",
        "ver": "0.3.44",
        "Node name for S&R": "LoadImage"
      },
      "widgets_values": [
        "native_00011_.png",
        "image"
      ],
      "color": "#322",
      "bgcolor": "#533",
      "shape": 1
    },
    {
      "id": 517,
      "type": "ImageSharpen",
      "pos": [
        -141.62449645996094,
        42.9093132019043
      ],
      "size": [
        210,
        106
      ],
      "flags": {
        "collapsed": false
      },
      "order": 32,
      "mode": 0,
      "inputs": [
        {
          "name": "image",
          "type": "IMAGE",
          "link": 444
        }
      ],
      "outputs": [
        {
          "name": "IMAGE",
          "type": "IMAGE",
          "slot_index": 0,
          "links": [
            471
          ]
        }
      ],
      "properties": {
        "cnr_id": "comfy-core",
        "ver": "0.3.15",
        "Node name for S&R": "ImageSharpen",
        "widget_ue_connectable": {}
      },
      "widgets_values": [
        1,
        0.43,
        0.3
      ],
      "color": "#223",
      "bgcolor": "#335",
      "shape": 1
    },
    {
      "id": 528,
      "type": "Note",
      "pos": [
        -2735.588134765625,
        -597.2681274414062
      ],
      "size": [
        594.38427734375,
        367.19122314453125
      ],
      "flags": {
        "collapsed": false
      },
      "order": 13,
      "mode": 0,
      "inputs": [],
      "outputs": [],
      "properties": {
        "widget_ue_connectable": {}
      },
      "widgets_values": [
        "To change between t2v and i2v use the yellow toggle. ((1))\nOf course set the correct model when the mode is changed.\nFor amd gpu's try to use fp8_e5m2 or fp8_e5m2_scaled.(torch.compile works)\nWhen using gguf's you need to disable quantization.\nTo add loras just enable the group for the model and set the loras.\nOtherwise choose the model type you are using (e5m2 etc)\nThis has NAG integrated, it doesn't effect speed.\nYou can however just use only positive or NAG if want. ((2))\nEnhancements are optional but you check the effects yourself.\nOn output, vae is set to tiled. Values better than default.\nIf you want to generate an image, choose t2v and set num_frames to 1.\nEnable block_swap and use 15 and up if you see vram getting filled.\nYou can check it easily with AMD Performance Metrics Overlay.\nMake sure \"GPU Mem Util\" is around 15000 MB.\nif you have 16gb vram, this ensures best speeds. (my experience)\nThere is frame interpolation if you want to use it."
      ],
      "color": "#222",
      "bgcolor": "#000",
      "shape": 1
    },
    {
      "id": 538,
      "type": "easy anythingIndexSwitch",
      "pos": [
        -1264.6729736328125,
        -347.3581237792969
      ],
      "size": [
        210,
        98
      ],
      "flags": {
        "collapsed": false
      },
      "order": 24,
      "mode": 0,
      "inputs": [
        {
          "name": "value0",
          "shape": 7,
          "type": "*",
          "link": 452
        },
        {
          "name": "value1",
          "shape": 7,
          "type": "*",
          "link": 453
        },
        {
          "name": "value2",
          "type": "*",
          "link": null
        }
      ],
      "outputs": [
        {
          "name": "value",
          "type": "*",
          "links": [
            455,
            456
          ]
        }
      ],
      "title": "((1))   ::: 0 T2V - 1 I2V",
      "properties": {
        "cnr_id": "comfyui-easy-use",
        "ver": "1.3.2",
        "Node name for S&R": "easy anythingIndexSwitch"
      },
      "widgets_values": [
        1
      ],
      "color": "#432",
      "bgcolor": "#653",
      "shape": 1
    },
    {
      "id": 539,
      "type": "PlaySound|pysssss",
      "pos": [
        -98.76351928710938,
        277.7669372558594
      ],
      "size": [
        270,
        106
      ],
      "flags": {
        "collapsed": true
      },
      "order": 37,
      "mode": 0,
      "inputs": [
        {
          "name": "any",
          "type": "*",
          "link": 459
        }
      ],
      "outputs": [
        {
          "name": "*",
          "shape": 6,
          "type": "*",
          "links": null
        }
      ],
      "properties": {
        "cnr_id": "comfyui-custom-scripts",
        "ver": "1.2.5",
        "Node name for S&R": "PlaySound|pysssss"
      },
      "widgets_values": [
        "always",
        1,
        "notify.mp3"
      ],
      "color": "#222",
      "bgcolor": "#000",
      "shape": 1
    },
    {
      "id": 542,
      "type": "WanVideoLoraSelectMulti",
      "pos": [
        -992.3488159179688,
        -847.1314086914062
      ],
      "size": [
        211.87850952148438,
        342
      ],
      "flags": {
        "collapsed": false
      },
      "order": 2,
      "mode": 4,
      "inputs": [
        {
          "name": "prev_lora",
          "shape": 7,
          "type": "WANVIDLORA",
          "link": null
        },
        {
          "name": "blocks",
          "shape": 7,
          "type": "SELECTEDBLOCKS",
          "link": null
        }
      ],
      "outputs": [
        {
          "name": "lora",
          "type": "WANVIDLORA",
          "links": [
            462
          ]
        }
      ],
      "properties": {
        "cnr_id": "ComfyUI-WanVideoWrapper",
        "ver": "06863fe2d283e89ba2386260ad2700557dda1897",
        "Node name for S&R": "WanVideoLoraSelectMulti"
      },
      "widgets_values": [
        "none",
        2,
        "wan\\x\\NSFW-22-H-e8.safetensors",
        1,
        "none",
        1,
        "none",
        1,
        "none",
        1,
        false,
        false
      ],
      "shape": 1
    },
    {
      "id": 543,
      "type": "WanVideoLoraSelectMulti",
      "pos": [
        -987.707763671875,
        -413.8914489746094
      ],
      "size": [
        211.87850952148438,
        342
      ],
      "flags": {
        "collapsed": false
      },
      "order": 6,
      "mode": 4,
      "inputs": [
        {
          "name": "prev_lora",
          "shape": 7,
          "type": "WANVIDLORA",
          "link": null
        },
        {
          "name": "blocks",
          "shape": 7,
          "type": "SELECTEDBLOCKS",
          "link": null
        }
      ],
      "outputs": [
        {
          "name": "lora",
          "type": "WANVIDLORA",
          "links": [
            464
          ]
        }
      ],
      "properties": {
        "cnr_id": "ComfyUI-WanVideoWrapper",
        "ver": "06863fe2d283e89ba2386260ad2700557dda1897",
        "Node name for S&R": "WanVideoLoraSelectMulti"
      },
      "widgets_values": [
        "none",
        2,
        "wan\\x\\NSFW-22-L-e8.safetensors",
        1,
        "none",
        1,
        "none",
        1,
        "none",
        1,
        false,
        false
      ],
      "shape": 1
    },
    {
      "id": 550,
      "type": "Note",
      "pos": [
        -2731.49658203125,
        -898.1917114257812
      ],
      "size": [
        593.3540649414062,
        271.9778137207031
      ],
      "flags": {},
      "order": 11,
      "mode": 0,
      "inputs": [],
      "outputs": [],
      "properties": {},
      "widgets_values": [
        "------------------------------------------------\n---COMFYUI-ZLUDA ALL-IN-ONE WAN 2.2 WORKFLOW ---\n------------------------------------------------\n\n* Needed nodes. * \n\n- https://github.com/ltdrdata/ComfyUI-Impact-Pack\n- https://github.com/kijai/ComfyUI-WanVideoWrapper\n- https://github.com/yolain/ComfyUI-Easy-Use\n- https://github.com/kijai/ComfyUI-KJNodes\n- https://github.com/Fannovel16/ComfyUI-Frame-Interpolation\n\n"
      ],
      "color": "#432",
      "bgcolor": "#653",
      "shape": 1
    }
  ],
  "links": [
    [
      43,
      38,
      0,
      28,
      0,
      "VAE"
    ],
    [
      198,
      388,
      0,
      389,
      0,
      "CLIP"
    ],
    [
      201,
      393,
      0,
      391,
      0,
      "CONDITIONING"
    ],
    [
      205,
      388,
      0,
      393,
      0,
      "CLIP"
    ],
    [
      237,
      389,
      0,
      390,
      0,
      "CONDITIONING"
    ],
    [
      238,
      390,
      0,
      392,
      1,
      "WANVIDEOTEXTEMBEDS"
    ],
    [
      239,
      391,
      0,
      392,
      0,
      "WANVIDEOTEXTEMBEDS"
    ],
    [
      251,
      391,
      0,
      422,
      0,
      "*"
    ],
    [
      252,
      392,
      0,
      422,
      1,
      "WANVIDEOTEXTEMBEDS"
    ],
    [
      274,
      27,
      0,
      434,
      3,
      "LATENT"
    ],
    [
      294,
      434,
      0,
      28,
      1,
      "LATENT"
    ],
    [
      308,
      457,
      0,
      27,
      10,
      "EXPERIMENTALARGS"
    ],
    [
      309,
      457,
      0,
      434,
      10,
      "EXPERIMENTALARGS"
    ],
    [
      310,
      455,
      0,
      27,
      4,
      "FETAARGS"
    ],
    [
      311,
      455,
      0,
      434,
      4,
      "FETAARGS"
    ],
    [
      312,
      456,
      0,
      27,
      8,
      "SLGARGS"
    ],
    [
      313,
      456,
      0,
      434,
      8,
      "SLGARGS"
    ],
    [
      319,
      459,
      0,
      462,
      0,
      "WANVIDEOMODEL"
    ],
    [
      322,
      433,
      0,
      464,
      0,
      "WANVIDEOMODEL"
    ],
    [
      326,
      462,
      0,
      466,
      0,
      "WANVIDEOMODEL"
    ],
    [
      327,
      460,
      0,
      466,
      1,
      "BLOCKSWAPARGS"
    ],
    [
      329,
      464,
      0,
      467,
      0,
      "WANVIDEOMODEL"
    ],
    [
      344,
      474,
      0,
      433,
      0,
      "WANCOMPILEARGS"
    ],
    [
      345,
      474,
      0,
      459,
      0,
      "WANCOMPILEARGS"
    ],
    [
      363,
      488,
      0,
      348,
      0,
      "IMAGE"
    ],
    [
      364,
      488,
      0,
      470,
      0,
      "IMAGE"
    ],
    [
      413,
      500,
      0,
      27,
      17,
      "INT"
    ],
    [
      414,
      500,
      0,
      434,
      17,
      "INT"
    ],
    [
      420,
      422,
      0,
      27,
      2,
      "WANVIDEOTEXTEMBEDS"
    ],
    [
      421,
      422,
      0,
      434,
      2,
      "WANVIDEOTEXTEMBEDS"
    ],
    [
      427,
      466,
      0,
      434,
      0,
      "WANVIDEOMODEL"
    ],
    [
      436,
      515,
      0,
      514,
      2,
      "IMAGE"
    ],
    [
      437,
      515,
      1,
      514,
      8,
      "INT"
    ],
    [
      438,
      515,
      2,
      514,
      9,
      "INT"
    ],
    [
      439,
      516,
      0,
      515,
      0,
      "IMAGE"
    ],
    [
      442,
      38,
      0,
      514,
      0,
      "WANVAE"
    ],
    [
      444,
      28,
      0,
      517,
      0,
      "IMAGE"
    ],
    [
      452,
      361,
      0,
      538,
      0,
      "*"
    ],
    [
      453,
      514,
      0,
      538,
      1,
      "*"
    ],
    [
      455,
      538,
      0,
      27,
      1,
      "WANVIDIMAGE_EMBEDS"
    ],
    [
      456,
      538,
      0,
      434,
      1,
      "WANVIDIMAGE_EMBEDS"
    ],
    [
      457,
      467,
      0,
      27,
      0,
      "WANVIDEOMODEL"
    ],
    [
      458,
      460,
      0,
      467,
      1,
      "BLOCKSWAPARGS"
    ],
    [
      459,
      458,
      0,
      539,
      0,
      "*"
    ],
    [
      462,
      542,
      0,
      464,
      1,
      "WANVIDLORA"
    ],
    [
      464,
      543,
      0,
      462,
      1,
      "WANVIDLORA"
    ],
    [
      467,
      470,
      0,
      458,
      0,
      "IMAGE"
    ],
    [
      471,
      517,
      0,
      488,
      0,
      "*"
    ]
  ],
  "groups": [
    {
      "id": 1,
      "title": "to use native comfy clip with nag",
      "bounding": [
        -2459.3291015625,
        -217.00621032714844,
        1430.7686767578125,
        546.3687744140625
      ],
      "color": "#3f789e",
      "font_size": 24,
      "flags": {}
    },
    {
      "id": 2,
      "title": "to use with image to video",
      "bounding": [
        -2117.224609375,
        -947.7061157226562,
        760.460693359375,
        503.9556579589844
      ],
      "color": "#3f789e",
      "font_size": 24,
      "flags": {}
    },
    {
      "id": 3,
      "title": "loras 1st stage",
      "bounding": [
        -1006.2738037109375,
        -921.4015502929688,
        426.2474365234375,
        421.9496154785156
      ],
      "color": "#8AA",
      "font_size": 24,
      "flags": {}
    },
    {
      "id": 4,
      "title": "loras 2nd stage",
      "bounding": [
        -1001.6336669921875,
        -491.2558288574219,
        420.05828857421875,
        426.5914611816406
      ],
      "color": "#a1309b",
      "font_size": 24,
      "flags": {}
    },
    {
      "id": 5,
      "title": "enhancements for wan samplers (optional)",
      "bounding": [
        -1004.7282104492188,
        -39.44934844970703,
        515.9898681640625,
        380.1729736328125
      ],
      "color": "#3f789e",
      "font_size": 24,
      "flags": {}
    },
    {
      "id": 6,
      "title": "Output",
      "bounding": [
        -381.1731262207031,
        -31.712936401367188,
        466.4768371582031,
        335.3017883300781
      ],
      "color": "#444",
      "font_size": 24,
      "flags": {}
    }
  ],
  "config": {},
  "extra": {
    "ds": {
      "scale": 0.6462940237856621,
      "offset": [
        2708.287392603635,
        1029.7106470493015
      ]
    },
    "frontendVersion": "1.26.2",
    "node_versions": {
      "ComfyUI-WanVideoWrapper": "5a2383621a05825d0d0437781afcb8552d9590fd",
      "ComfyUI-KJNodes": "a5bd3c86c8ed6b83c55c2d0e7a59515b15a0137f",
      "ComfyUI-VideoHelperSuite": "0a75c7958fe320efcb052f1d9f8451fd20c730a8"
    },
    "VHS_latentpreview": false,
    "VHS_latentpreviewrate": 0,
    "VHS_MetadataImage": true,
    "VHS_KeepIntermediate": true,
    "ue_links": [],
    "links_added_by_ue": [],
    "groupNodes": {}
  },
  "version": 0.4
}