{
  "id": "206247b6-9fec-4ed2-8927-e4f388c674d4",
  "revision": 0,
  "last_node_id": 119,
  "last_link_id": 183,
  "nodes": [
    {
      "id": 22,
      "type": "WanVideoModelLoader",
      "pos": [
        826.7047729492188,
        -653.9843139648438
      ],
      "size": [
        382.6997985839844,
        314
      ],
      "flags": {},
      "order": 13,
      "mode": 0,
      "inputs": [
        {
          "name": "compile_args",
          "shape": 7,
          "type": "WANCOMPILEARGS",
          "link": 183
        },
        {
          "name": "block_swap_args",
          "shape": 7,
          "type": "BLOCKSWAPARGS",
          "link": 177
        },
        {
          "name": "lora",
          "shape": 7,
          "type": "WANVIDLORA",
          "link": null
        },
        {
          "name": "vram_management_args",
          "shape": 7,
          "type": "VRAM_MANAGEMENTARGS",
          "link": null
        },
        {
          "name": "extra_model",
          "shape": 7,
          "type": "VACEPATH",
          "link": null
        },
        {
          "name": "fantasytalking_model",
          "shape": 7,
          "type": "FANTASYTALKINGMODEL",
          "link": null
        },
        {
          "name": "multitalk_model",
          "shape": 7,
          "type": "MULTITALKMODEL",
          "link": null
        },
        {
          "name": "fantasyportrait_model",
          "shape": 7,
          "type": "FANTASYPORTRAITMODEL",
          "link": null
        },
        {
          "name": "vace_model",
          "shape": 7,
          "type": "VACEPATH",
          "link": null
        }
      ],
      "outputs": [
        {
          "name": "model",
          "type": "WANVIDEOMODEL",
          "slot_index": 0,
          "links": [
            29
          ]
        }
      ],
      "properties": {
        "cnr_id": "ComfyUI-WanVideoWrapper",
        "ver": "d9b1f4d1a5aea91d101ae97a54714a5861af3f50",
        "Node name for S&R": "WanVideoModelLoader"
      },
      "widgets_values": [
        "wan\\Wan2_2-TI2V-5B-Turbo_fp8_e5m2.safetensors",
        "fp16",
        "fp8_e5m2",
        "offload_device",
        "sageattn"
      ],
      "color": "#223",
      "bgcolor": "#335",
      "shape": 1
    },
    {
      "id": 27,
      "type": "WanVideoSampler",
      "pos": [
        1255.0452880859375,
        -448.1617736816406
      ],
      "size": [
        267.80859375,
        690
      ],
      "flags": {},
      "order": 19,
      "mode": 0,
      "inputs": [
        {
          "name": "model",
          "type": "WANVIDEOMODEL",
          "link": 29
        },
        {
          "name": "image_embeds",
          "type": "WANVIDIMAGE_EMBEDS",
          "link": 102
        },
        {
          "name": "text_embeds",
          "shape": 7,
          "type": "WANVIDEOTEXTEMBEDS",
          "link": 179
        },
        {
          "name": "samples",
          "shape": 7,
          "type": "LATENT",
          "link": null
        },
        {
          "name": "feta_args",
          "shape": 7,
          "type": "FETAARGS",
          "link": null
        },
        {
          "name": "context_options",
          "shape": 7,
          "type": "WANVIDCONTEXT",
          "link": null
        },
        {
          "name": "cache_args",
          "shape": 7,
          "type": "CACHEARGS",
          "link": null
        },
        {
          "name": "flowedit_args",
          "shape": 7,
          "type": "FLOWEDITARGS",
          "link": null
        },
        {
          "name": "slg_args",
          "shape": 7,
          "type": "SLGARGS",
          "link": null
        },
        {
          "name": "loop_args",
          "shape": 7,
          "type": "LOOPARGS",
          "link": null
        },
        {
          "name": "experimental_args",
          "shape": 7,
          "type": "EXPERIMENTALARGS",
          "link": null
        },
        {
          "name": "sigmas",
          "shape": 7,
          "type": "SIGMAS",
          "link": null
        },
        {
          "name": "unianimate_poses",
          "shape": 7,
          "type": "UNIANIMATE_POSE",
          "link": null
        },
        {
          "name": "fantasytalking_embeds",
          "shape": 7,
          "type": "FANTASYTALKING_EMBEDS",
          "link": null
        },
        {
          "name": "uni3c_embeds",
          "shape": 7,
          "type": "UNI3C_EMBEDS",
          "link": null
        },
        {
          "name": "multitalk_embeds",
          "shape": 7,
          "type": "MULTITALK_EMBEDS",
          "link": null
        },
        {
          "name": "freeinit_args",
          "shape": 7,
          "type": "FREEINITARGS",
          "link": null
        }
      ],
      "outputs": [
        {
          "name": "samples",
          "type": "LATENT",
          "slot_index": 0,
          "links": [
            153
          ]
        },
        {
          "name": "denoised_samples",
          "type": "LATENT",
          "links": null
        }
      ],
      "properties": {
        "cnr_id": "ComfyUI-WanVideoWrapper",
        "ver": "d9b1f4d1a5aea91d101ae97a54714a5861af3f50",
        "Node name for S&R": "WanVideoSampler"
      },
      "widgets_values": [
        4,
        1,
        7,
        227230090405303,
        "fixed",
        true,
        "dpm++_sde",
        0,
        1,
        "",
        "comfy_chunked",
        0,
        -1,
        ""
      ],
      "color": "#223",
      "bgcolor": "#335",
      "shape": 1
    },
    {
      "id": 38,
      "type": "WanVideoVAELoader",
      "pos": [
        93.23693084716797,
        -430.0805969238281
      ],
      "size": [
        372.7727966308594,
        82
      ],
      "flags": {},
      "order": 2,
      "mode": 0,
      "inputs": [
        {
          "name": "compile_args",
          "shape": 7,
          "type": "WANCOMPILEARGS",
          "link": null
        }
      ],
      "outputs": [
        {
          "name": "vae",
          "type": "WANVAE",
          "slot_index": 0,
          "links": [
            88,
            152
          ]
        }
      ],
      "properties": {
        "cnr_id": "ComfyUI-WanVideoWrapper",
        "ver": "d9b1f4d1a5aea91d101ae97a54714a5861af3f50",
        "Node name for S&R": "WanVideoVAELoader"
      },
      "widgets_values": [
        "wan2.2_vae.safetensors",
        "fp16"
      ],
      "color": "#332922",
      "bgcolor": "#593930",
      "shape": 1
    },
    {
      "id": 58,
      "type": "LoadImage",
      "pos": [
        -188.03244018554688,
        -269.52435302734375
      ],
      "size": [
        413.10479736328125,
        498.3180847167969
      ],
      "flags": {},
      "order": 1,
      "mode": 0,
      "inputs": [],
      "outputs": [
        {
          "name": "IMAGE",
          "type": "IMAGE",
          "links": [
            134
          ]
        },
        {
          "name": "MASK",
          "type": "MASK",
          "links": null
        }
      ],
      "properties": {
        "cnr_id": "comfy-core",
        "ver": "0.3.26",
        "Node name for S&R": "LoadImage"
      },
      "widgets_values": [
        "qwen_00513_upscaled.png",
        "image"
      ],
      "color": "#2a363b",
      "bgcolor": "#3f5159",
      "shape": 1
    },
    {
      "id": 70,
      "type": "WanVideoEncode",
      "pos": [
        486.3009948730469,
        -110.9541015625
      ],
      "size": [
        210,
        242
      ],
      "flags": {},
      "order": 14,
      "mode": 0,
      "inputs": [
        {
          "name": "vae",
          "type": "WANVAE",
          "link": 88
        },
        {
          "name": "image",
          "type": "IMAGE",
          "link": 133
        },
        {
          "name": "mask",
          "shape": 7,
          "type": "MASK",
          "link": null
        }
      ],
      "outputs": [
        {
          "name": "samples",
          "type": "LATENT",
          "links": [
            180
          ]
        }
      ],
      "properties": {
        "cnr_id": "ComfyUI-WanVideoWrapper",
        "ver": "17d48e3e450c7e75f60566e787404cb3d917f48e",
        "Node name for S&R": "WanVideoEncode"
      },
      "widgets_values": [
        true,
        272,
        272,
        144,
        128,
        0,
        1
      ],
      "color": "#2a363b",
      "bgcolor": "#3f5159",
      "shape": 1
    },
    {
      "id": 71,
      "type": "ImageResizeKJv2",
      "pos": [
        255.67388916015625,
        -268.14373779296875
      ],
      "size": [
        210,
        348
      ],
      "flags": {},
      "order": 10,
      "mode": 0,
      "inputs": [
        {
          "name": "image",
          "type": "IMAGE",
          "link": 134
        },
        {
          "name": "mask",
          "shape": 7,
          "type": "MASK",
          "link": null
        }
      ],
      "outputs": [
        {
          "name": "IMAGE",
          "type": "IMAGE",
          "links": [
            133
          ]
        },
        {
          "name": "width",
          "type": "INT",
          "links": [
            182
          ]
        },
        {
          "name": "height",
          "type": "INT",
          "links": [
            181
          ]
        },
        {
          "name": "mask",
          "type": "MASK",
          "links": null
        }
      ],
      "properties": {
        "cnr_id": "comfyui-kjnodes",
        "ver": "ad37ce656c13e9abea002b46e3a89be3dba32355",
        "Node name for S&R": "ImageResizeKJv2"
      },
      "widgets_values": [
        832,
        480,
        "lanczos",
        "crop",
        "0, 0, 0",
        "center",
        32,
        "cpu",
        "<tr><td>Output: </td><td><b>1</b> x <b>832</b> x <b>480 | 4.57MB</b></td></tr>"
      ],
      "color": "#2a363b",
      "bgcolor": "#3f5159",
      "shape": 1
    },
    {
      "id": 78,
      "type": "WanVideoEmptyEmbeds",
      "pos": [
        487.2795104980469,
        -280.2648010253906
      ],
      "size": [
        212.431640625,
        126
      ],
      "flags": {},
      "order": 17,
      "mode": 0,
      "inputs": [
        {
          "name": "control_embeds",
          "shape": 7,
          "type": "WANVIDIMAGE_EMBEDS",
          "link": null
        },
        {
          "name": "extra_latents",
          "shape": 7,
          "type": "LATENT",
          "link": 180
        },
        {
          "name": "width",
          "type": "INT",
          "widget": {
            "name": "width"
          },
          "link": 182
        },
        {
          "name": "height",
          "type": "INT",
          "widget": {
            "name": "height"
          },
          "link": 181
        }
      ],
      "outputs": [
        {
          "name": "image_embeds",
          "type": "WANVIDIMAGE_EMBEDS",
          "links": [
            102
          ]
        }
      ],
      "properties": {
        "cnr_id": "ComfyUI-WanVideoWrapper",
        "ver": "6bc53b771d5d2af316801cb69e2ee10dbf7d18b1",
        "Node name for S&R": "WanVideoEmptyEmbeds"
      },
      "widgets_values": [
        480,
        832,
        121
      ],
      "color": "#2a363b",
      "bgcolor": "#3f5159",
      "shape": 1
    },
    {
      "id": 92,
      "type": "VHS_VideoCombine",
      "pos": [
        1548.882568359375,
        -705.1038208007812
      ],
      "size": [
        466.62774658203125,
        605.6698608398438
      ],
      "flags": {
        "collapsed": false
      },
      "order": 21,
      "mode": 0,
      "inputs": [
        {
          "name": "images",
          "type": "IMAGE",
          "link": 178
        },
        {
          "name": "audio",
          "shape": 7,
          "type": "AUDIO",
          "link": null
        },
        {
          "name": "meta_batch",
          "shape": 7,
          "type": "VHS_BatchManager",
          "link": null
        },
        {
          "name": "vae",
          "shape": 7,
          "type": "VAE",
          "link": null
        }
      ],
      "outputs": [
        {
          "name": "Filenames",
          "type": "VHS_FILENAMES",
          "links": null
        }
      ],
      "properties": {
        "cnr_id": "comfyui-videohelpersuite",
        "ver": "0a75c7958fe320efcb052f1d9f8451fd20c730a8",
        "Node name for S&R": "VHS_VideoCombine"
      },
      "widgets_values": {
        "frame_rate": 24,
        "loop_count": 0,
        "filename_prefix": "WanVideoWrapper_5BI2V",
        "format": "video/h264-mp4",
        "pix_fmt": "yuv420p",
        "crf": 19,
        "save_metadata": true,
        "trim_to_audio": false,
        "pingpong": false,
        "save_output": true,
        "videopreview": {
          "hidden": false,
          "paused": false,
          "params": {
            "filename": "WanVideoWrapper_5BI2V_00045.mp4",
            "subfolder": "",
            "type": "output",
            "format": "video/h264-mp4",
            "frame_rate": 24,
            "workflow": "WanVideoWrapper_5BI2V_00045.png",
            "fullpath": "D:\\sd\\t\\ComfyUI\\output\\WanVideoWrapper_5BI2V_00045.mp4"
          }
        }
      },
      "shape": 1
    },
    {
      "id": 102,
      "type": "WanVideoDecode",
      "pos": [
        1246.9195556640625,
        -699.4135131835938
      ],
      "size": [
        270,
        198
      ],
      "flags": {},
      "order": 20,
      "mode": 0,
      "inputs": [
        {
          "name": "vae",
          "type": "WANVAE",
          "link": 152
        },
        {
          "name": "samples",
          "type": "LATENT",
          "link": 153
        }
      ],
      "outputs": [
        {
          "name": "images",
          "type": "IMAGE",
          "links": [
            178
          ]
        }
      ],
      "properties": {
        "cnr_id": "ComfyUI-WanVideoWrapper",
        "ver": "65973b02514c6736f59923352102462e2129f80a",
        "Node name for S&R": "WanVideoDecode"
      },
      "widgets_values": [
        true,
        272,
        272,
        144,
        128,
        "default"
      ],
      "color": "#332922",
      "bgcolor": "#593930",
      "shape": 1
    },
    {
      "id": 104,
      "type": "CLIPTextEncode",
      "pos": [
        715.9688720703125,
        -298.76220703125
      ],
      "size": [
        500.4853820800781,
        499.85870361328125
      ],
      "flags": {
        "collapsed": false
      },
      "order": 11,
      "mode": 0,
      "inputs": [
        {
          "name": "clip",
          "type": "CLIP",
          "link": 157
        }
      ],
      "outputs": [
        {
          "name": "CONDITIONING",
          "type": "CONDITIONING",
          "links": [
            176
          ]
        }
      ],
      "properties": {
        "cnr_id": "comfy-core",
        "ver": "0.3.40",
        "Node name for S&R": "CLIPTextEncode"
      },
      "widgets_values": [
        "Main Subject: A futuristic wide-body AE86 Toyota Sprinter Trueno, reimagined with sleek vented panels, carbon fiber detailing, and glowing custom LED tail lights. Its silhouette keeps the iconic Trueno profile while embracing high-tech cyberpunk design cues.\n\nPose / Action: The car barrels forward down the expressway, tires gripping hard as neon reflections streak across its bodywork. Exhaust haze trails behind, amplifying the sense of raw speed and intensity.\n\nExpression / Emotion: The machine embodies determination and grit, a mechanical soul charging forward — raw, empathetic, and cinematic, like a character in its own right.\n\nCamera Direction & Framing: Dutch angle, close chase perspective that exaggerates speed and dynamism. The wide body dominates the frame, leaning into the camera with aggressive foreshortening. Shot in cinemascope, like a still pulled straight from a sci-fi feature film.\n\nEnvironment / Background: A sprawling cyberpunk highway lit by towering holographic billboards, neon overpasses, and rain-slick asphalt. The glowing skyline flickers with electric hues, casting shifting patterns across the car’s carbon fiber surfaces.\n\nLighting & Atmosphere: Harsh neon pinks, teals, and purples scatter in reflections across metal and glass. Film grain and analog softness create the feel of a gritty cinematic reel. Headlights and tail lights carve bold streaks into the night, contrasting with the moody ambient haze.\n\nStyle Enhancers: Cinematic realism, cyberpunk palette, analog film texture (film grain: 1.4), dutch angle style (1.4), widescreen framing, atmospheric depth, high-detail reflections, and a raw, movie-still aesthetic."
      ],
      "color": "#232",
      "bgcolor": "#353",
      "shape": 1
    },
    {
      "id": 105,
      "type": "CLIPLoader",
      "pos": [
        594.7372436523438,
        251.7023468017578
      ],
      "size": [
        302.2834777832031,
        106
      ],
      "flags": {
        "collapsed": false
      },
      "order": 6,
      "mode": 0,
      "inputs": [],
      "outputs": [
        {
          "name": "CLIP",
          "type": "CLIP",
          "links": [
            157,
            158
          ]
        }
      ],
      "properties": {
        "cnr_id": "comfy-core",
        "ver": "0.3.40",
        "Node name for S&R": "CLIPLoader"
      },
      "widgets_values": [
        "wan\\umt5_xxl_fp8_e4m3fn_scaled.safetensors",
        "wan",
        "default"
      ],
      "color": "#232",
      "bgcolor": "#353",
      "shape": 1
    },
    {
      "id": 106,
      "type": "CLIPTextEncode",
      "pos": [
        951.92724609375,
        282.84625244140625
      ],
      "size": [
        301.8887939453125,
        196.77981567382812
      ],
      "flags": {
        "collapsed": true
      },
      "order": 12,
      "mode": 0,
      "inputs": [
        {
          "name": "clip",
          "type": "CLIP",
          "link": 158
        }
      ],
      "outputs": [
        {
          "name": "CONDITIONING",
          "type": "CONDITIONING",
          "links": [
            159
          ]
        }
      ],
      "title": "negative",
      "properties": {
        "cnr_id": "comfy-core",
        "ver": "0.3.41",
        "Node name for S&R": "CLIPTextEncode"
      },
      "widgets_values": [
        "overexposed, static, blurry details, subtitles, washed out, dull colors, grayish ,worse quality, low quality, jpeg artifacts, compression artifacts, ugly, incomplete, mutilated, extra fingers, too many fingers, poorly drawn hands, bad hands, poorly drawn face, bad face, deformed, mutated, disfigured, malformed limbs, fused fingers, motionless scene, static image, cluttered background, too many people in background, messy background, three legs, crowded background, walking backward, backward movement, "
      ],
      "color": "#322",
      "bgcolor": "#533",
      "shape": 1
    },
    {
      "id": 107,
      "type": "WanVideoTextEmbedBridge",
      "pos": [
        1088.7071533203125,
        310.4274597167969
      ],
      "size": [
        222.00253295898438,
        46
      ],
      "flags": {
        "collapsed": true
      },
      "order": 16,
      "mode": 0,
      "inputs": [
        {
          "name": "positive",
          "type": "CONDITIONING",
          "link": 159
        },
        {
          "name": "negative",
          "shape": 7,
          "type": "CONDITIONING",
          "link": null
        }
      ],
      "outputs": [
        {
          "name": "text_embeds",
          "type": "WANVIDEOTEXTEMBEDS",
          "links": [
            162
          ]
        }
      ],
      "title": "negembed",
      "properties": {
        "cnr_id": "ComfyUI-WanVideoWrapper",
        "ver": "c3ee35f3ece76e38099dc516182d69b406e16772",
        "Node name for S&R": "WanVideoTextEmbedBridge",
        "aux_id": "kijai/ComfyUI-WanVideoWrapper"
      },
      "widgets_values": [],
      "color": "#223",
      "bgcolor": "#335",
      "shape": 1
    },
    {
      "id": 108,
      "type": "WanVideoTextEmbedBridge",
      "pos": [
        1096.459228515625,
        370.0112609863281
      ],
      "size": [
        222.00253295898438,
        46
      ],
      "flags": {
        "collapsed": true
      },
      "order": 15,
      "mode": 0,
      "inputs": [
        {
          "name": "positive",
          "type": "CONDITIONING",
          "link": 176
        },
        {
          "name": "negative",
          "shape": 7,
          "type": "CONDITIONING",
          "link": null
        }
      ],
      "outputs": [
        {
          "name": "text_embeds",
          "type": "WANVIDEOTEXTEMBEDS",
          "links": [
            161
          ]
        }
      ],
      "title": "posembed",
      "properties": {
        "cnr_id": "ComfyUI-WanVideoWrapper",
        "ver": "c3ee35f3ece76e38099dc516182d69b406e16772",
        "Node name for S&R": "WanVideoTextEmbedBridge",
        "aux_id": "kijai/ComfyUI-WanVideoWrapper"
      },
      "widgets_values": [],
      "color": "#223",
      "bgcolor": "#335",
      "shape": 1
    },
    {
      "id": 109,
      "type": "WanVideoApplyNAG",
      "pos": [
        1110.114013671875,
        250.55453491210938
      ],
      "size": [
        227.77734375,
        126
      ],
      "flags": {
        "collapsed": true
      },
      "order": 18,
      "mode": 0,
      "inputs": [
        {
          "name": "original_text_embeds",
          "type": "WANVIDEOTEXTEMBEDS",
          "link": 161
        },
        {
          "name": "nag_text_embeds",
          "type": "WANVIDEOTEXTEMBEDS",
          "link": 162
        }
      ],
      "outputs": [
        {
          "name": "text_embeds",
          "type": "WANVIDEOTEXTEMBEDS",
          "links": [
            179
          ]
        }
      ],
      "title": "NAG",
      "properties": {
        "cnr_id": "ComfyUI-WanVideoWrapper",
        "ver": "b5cae8bf1a7b348e9c9fa230640be7e11c573ca9",
        "Node name for S&R": "WanVideoApplyNAG",
        "aux_id": "kijai/ComfyUI-WanVideoWrapper"
      },
      "widgets_values": [
        11,
        2.5,
        0.25
      ],
      "color": "#223",
      "bgcolor": "#335",
      "shape": 1
    },
    {
      "id": 113,
      "type": "WanVideoBlockSwap",
      "pos": [
        519.3534545898438,
        -556.3167724609375
      ],
      "size": [
        281.404296875,
        202
      ],
      "flags": {},
      "order": 3,
      "mode": 4,
      "inputs": [],
      "outputs": [
        {
          "name": "block_swap_args",
          "type": "BLOCKSWAPARGS",
          "links": [
            177
          ]
        }
      ],
      "properties": {
        "cnr_id": "ComfyUI-WanVideoWrapper",
        "ver": "65973b02514c6736f59923352102462e2129f80a",
        "Node name for S&R": "WanVideoBlockSwap"
      },
      "widgets_values": [
        15,
        false,
        false,
        false,
        0,
        0,
        false
      ],
      "shape": 1
    },
    {
      "id": 114,
      "type": "Note",
      "pos": [
        244.76840209960938,
        137.03822326660156
      ],
      "size": [
        227.69973754882812,
        88
      ],
      "flags": {},
      "order": 0,
      "mode": 0,
      "inputs": [],
      "outputs": [],
      "properties": {},
      "widgets_values": [
        "the width-height in resize is also for the video output"
      ],
      "color": "#2a363b",
      "bgcolor": "#3f5159",
      "shape": 1
    },
    {
      "id": 115,
      "type": "WanVideoTorchCompileSettings",
      "pos": [
        935.9613647460938,
        -699.82470703125
      ],
      "size": [
        342.74609375,
        202
      ],
      "flags": {
        "collapsed": true
      },
      "order": 7,
      "mode": 0,
      "inputs": [],
      "outputs": [
        {
          "name": "torch_compile_args",
          "type": "WANCOMPILEARGS",
          "links": [
            183
          ]
        }
      ],
      "properties": {
        "cnr_id": "ComfyUI-WanVideoWrapper",
        "ver": "65973b02514c6736f59923352102462e2129f80a",
        "Node name for S&R": "WanVideoTorchCompileSettings"
      },
      "widgets_values": [
        "inductor",
        false,
        "default",
        false,
        64,
        true,
        128
      ],
      "color": "#223",
      "bgcolor": "#335",
      "shape": 1
    },
    {
      "id": 116,
      "type": "Note",
      "pos": [
        567.8656616210938,
        -693.3388061523438
      ],
      "size": [
        227.69973754882812,
        88
      ],
      "flags": {},
      "order": 4,
      "mode": 0,
      "inputs": [],
      "outputs": [],
      "properties": {},
      "widgets_values": [
        "enable block swap starting with 15 for 8 gb gpu's"
      ],
      "color": "#223",
      "bgcolor": "#335",
      "shape": 1
    },
    {
      "id": 117,
      "type": "Note",
      "pos": [
        -273.99835205078125,
        -878.1978149414062
      ],
      "size": [
        761.3303833007812,
        394.44818115234375
      ],
      "flags": {},
      "order": 9,
      "mode": 0,
      "inputs": [],
      "outputs": [],
      "properties": {},
      "widgets_values": [
        "CFZ WAN 2.2 TI2V TURBO WORKFLOW\n--------------------------------\nTHE MAIN MODEL : You can use of these three options :\nfrom here , https://huggingface.co/Kijai/WanVideo_comfy/tree/main/Wan22-Turbo\nyou can use (1) one of the loras with the original 5B model (https://huggingface.co/Kijai/WanVideo_comfy_fp8_scaled/tree/main/TI2V) \n\n(2) use the fp16 model in there  (https://huggingface.co/Kijai/WanVideo_comfy/tree/main/Wan22-Turbo)\n\n(3) use this fp8_e5m2 version of that fp16 model\n(https://huggingface.co/patientxtr/wan22ti2v5bturbofp8e5m2/tree/main)\n\n* With option 1 and 3 you can enable torch.compile , make sure to set the \"quantization\" to either fp8_e5m2_scaled or fp8_e5m2. On the second option the quality is supposedly better than fp8 ones but you CAN'T USE torch.compile there.*\n\n* If you have less than 12GB VRAM, you can try enabling \"wanvideo block swap\", starting with 10 and going upwards, it basically loads that much of the blocks from the model into the system ram, slower but less oom. *\n\n*vae must be fp16 if you want speed, bf16 or fp32 two times slower on lower amd gpu*\n\n\n\n\n\n\n"
      ],
      "color": "#432",
      "bgcolor": "#653"
    },
    {
      "id": 118,
      "type": "Note",
      "pos": [
        1545.399658203125,
        -4.1734490394592285
      ],
      "size": [
        285.6707458496094,
        150.67262268066406
      ],
      "flags": {},
      "order": 5,
      "mode": 0,
      "inputs": [],
      "outputs": [],
      "properties": {},
      "widgets_values": [
        "recommended schedulers : \nunipc/beta\nflowmatch_distill (4 steps only)\nlcm also works ...\n\n\n"
      ],
      "color": "#223",
      "bgcolor": "#335"
    },
    {
      "id": 119,
      "type": "Note",
      "pos": [
        568.8112182617188,
        -1171.026123046875
      ],
      "size": [
        988.755126953125,
        373.6380615234375
      ],
      "flags": {},
      "order": 8,
      "mode": 0,
      "inputs": [],
      "outputs": [],
      "properties": {},
      "widgets_values": [
        "ChatGPT prompt to get prompts like the one below : \n-------------------------------------------------\nI want you to create prompts for image generation but in this style : \"Main Subject: A weary old man in his late seventies, slightly hunched, with deep lines on his face and thin white hair, wearing a worn flat cap. Clothing / Appearance: A faded brown wool coat drapes loosely over his thin frame, paired with threadbare trousers and scuffed leather shoes; a wool scarf, frayed at the ends, hangs loosely around his neck. Pose / Action: He sits on a weathered wooden bench, leaning forward with both hands extended, scattering breadcrumbs in a gentle, slow motion as small birds gather at his feet. Expression / Emotion: His eyes are tired but softened with quiet fondness, lips curled into a faint, almost wistful smile as he watches the birds peck at the ground. Camera Direction & Framing: Eye-level shot from three meters away, 50 mm f/1.8 lens with shallow depth to blur the park’s trees; composition balanced with the man to the left third, birds in the foreground. Environment / Background: An urban park at dusk with bare winter trees silhouetted against a fading orange-pink sky; scattered leaves cover the path; a distant lamppost glows faintly in the background. Lighting & Atmosphere: Soft, fading natural light from the sunset at 3200 K mixed with cool, early evening shadows; subtle rim lighting from a nearby lamppost; gentle haze from cold air. Style Enhancers: Warm cinematic color grading with desaturated tones, fine film grain, and subtle vignetting to focus attention; faint motion blur on falling crumbs to add life.\" Do not worry about the prompt itself, I am going to give you another subject, another environment and you will generate prompts like this.\n\nThen you paste any prompt (preferably the prompt you have for an image you already generated yourself) for an image and it will generate prompts suitable for wan video generation. "
      ],
      "color": "#432",
      "bgcolor": "#653"
    }
  ],
  "links": [
    [
      29,
      22,
      0,
      27,
      0,
      "WANVIDEOMODEL"
    ],
    [
      88,
      38,
      0,
      70,
      0,
      "WANVAE"
    ],
    [
      102,
      78,
      0,
      27,
      1,
      "WANVIDIMAGE_EMBEDS"
    ],
    [
      133,
      71,
      0,
      70,
      1,
      "IMAGE"
    ],
    [
      134,
      58,
      0,
      71,
      0,
      "IMAGE"
    ],
    [
      152,
      38,
      0,
      102,
      0,
      "WANVAE"
    ],
    [
      153,
      27,
      0,
      102,
      1,
      "LATENT"
    ],
    [
      157,
      105,
      0,
      104,
      0,
      "CLIP"
    ],
    [
      158,
      105,
      0,
      106,
      0,
      "CLIP"
    ],
    [
      159,
      106,
      0,
      107,
      0,
      "CONDITIONING"
    ],
    [
      161,
      108,
      0,
      109,
      0,
      "WANVIDEOTEXTEMBEDS"
    ],
    [
      162,
      107,
      0,
      109,
      1,
      "WANVIDEOTEXTEMBEDS"
    ],
    [
      176,
      104,
      0,
      108,
      0,
      "CONDITIONING"
    ],
    [
      177,
      113,
      0,
      22,
      1,
      "BLOCKSWAPARGS"
    ],
    [
      178,
      102,
      0,
      92,
      0,
      "IMAGE"
    ],
    [
      179,
      109,
      0,
      27,
      2,
      "WANVIDEOTEXTEMBEDS"
    ],
    [
      180,
      70,
      0,
      78,
      1,
      "LATENT"
    ],
    [
      181,
      71,
      2,
      78,
      3,
      "INT"
    ],
    [
      182,
      71,
      1,
      78,
      2,
      "INT"
    ],
    [
      183,
      115,
      0,
      22,
      0,
      "WANCOMPILEARGS"
    ]
  ],
  "groups": [],
  "config": {},
  "extra": {
    "ds": {
      "scale": 0.611590904484186,
      "offset": [
        496.07181525646797,
        1246.2396060293845
      ]
    },
    "frontendVersion": "1.26.6",
    "node_versions": {
      "ComfyUI-WanVideoWrapper": "5a2383621a05825d0d0437781afcb8552d9590fd",
      "comfy-core": "0.3.26",
      "ComfyUI-KJNodes": "a5bd3c86c8ed6b83c55c2d0e7a59515b15a0137f",
      "ComfyUI-VideoHelperSuite": "0a75c7958fe320efcb052f1d9f8451fd20c730a8"
    },
    "VHS_latentpreview": false,
    "VHS_latentpreviewrate": 0,
    "VHS_MetadataImage": true,
    "VHS_KeepIntermediate": true
  },
  "version": 0.4
}